id,username,created_at
52,Zack_Kemmer93,"2017-01-01 05:58:22"
33,Yvette.Gottlieb91,"2016-11-14 12:32:01"
37,Yazmin_Mills95,"2016-07-27 00:56:44"
93,Willie_Leuschke,"2017-02-15 01:40:53"
6,Travon.Waters,"2017-04-30 13:26:14"
97,Tomas.Beatty93,"2017-02-11 11:38:55"
8,Tabitha_Schamberger11,"2016-08-20 02:19:46"
44,Seth46,"2016-07-07 11:40:27"
60,Sam52,"2017-03-30 22:03:45"
87,Rick29,"2017-02-24 11:25:08"
62,Ressie_Stanton46,"2016-12-20 15:09:09"
40,Rafael.Hickle2,"2016-05-19 09:51:26"
10,Presley_McClure,"2016-08-07 16:25:49"
56,Peter.Stehr0,"2016-08-22 18:05:42"
18,Odessa2,"2016-10-21 18:16:56"
17,Norbert_Carroll35,"2017-02-06 22:05:43"
95,Nicole71,"2016-05-09 17:30:22"
85,Milford_Gleichner42,"2017-04-30 07:50:51"
55,Meggie_Doyle,"2017-04-04 12:17:34"
42,Maya.Farrell,"2016-12-11 18:04:45"
51,Mariano_Koch3,"2017-04-17 14:14:46"
46,Malinda_Streich,"2016-07-09 21:37:08"
35,Lennie_Hartmann40,"2017-03-30 03:25:22"
1,Kenton_Kirlin,"2017-02-16 18:22:11"
22,Kenneth64,"2016-12-27 09:48:17"
39,Kelsi26,"2016-06-08 17:48:08"
96,Keenan.Schamberger60,"2016-08-28 14:57:28"
72,Kathryn80,"2016-10-11 09:01:57"
79,Katarina.Dibbert,"2016-11-03 13:14:11"
69,Karley_Bosco,"2016-06-24 23:38:52"
30,Kaley9,"2016-09-23 21:24:20"
11,Justina.Gaylord27,"2017-05-04 16:32:16"
26,Josianne.Friesen,"2016-06-07 12:47:01"
38,Jordyn.Jacobson2,"2016-05-14 07:56:26"
61,Jayson65,"2016-10-14 19:10:53"
73,Jaylan.Lakin,"2016-06-10 23:58:52"
100,Javonte83,"2017-03-27 22:06:37"
43,Janet.Armstrong,"2016-10-06 07:57:44"
29,Jaime53,"2016-09-11 18:51:57"
32,Irwin.Larson,"2016-08-26 19:36:22"
98,Imani_Nicolas17,"2017-01-31 22:59:34"
47,Harrison.Beatty50,"2016-09-02 03:48:38"
3,Harley_Lind18,"2017-02-21 11:12:33"
19,Hailee26,"2017-04-29 18:53:40"
9,Gus93,"2016-06-24 19:36:31"
48,Granville_Kutch,"2016-06-26 03:10:22"
50,Gerard79,"2016-08-23 19:47:44"
92,Frederik_Rice,"2016-07-06 21:56:29"
64,Florence99,"2016-10-06 23:08:31"
23,Eveline95,"2017-01-23 23:14:19"
70,Erick5,"2017-04-05 23:44:47"
67,Emilio_Bernier52,"2016-05-06 13:04:30"
63,Elenor88,"2016-05-08 01:30:41"
77,Donald.Fritsch,"2017-01-07 10:05:41"
12,Dereck65,"2017-01-19 01:34:14"
20,Delpha.Kihn,"2016-08-31 02:42:30"
86,Delfina_VonRueden68,"2017-03-21 12:02:14"
27,Darwin29,"2017-03-18 03:10:07"
28,Dario77,"2016-08-18 07:15:03"
94,Damon35,"2016-10-31 14:44:27"
78,Colten.Harris76,"2016-10-10 02:38:53"
88,Clint27,"2016-06-02 21:40:10"
59,Cesar93,"2016-10-18 16:42:43"
15,Billy52,"2016-10-05 14:10:20"
58,Aurelie71,"2016-05-31 06:20:57"
4,Arely_Bogan63,"2016-08-13 01:28:43"
82,Aracely.Johnston98,"2016-07-25 18:49:10"
16,Annalise.McKenzie16,"2016-08-02 21:32:46"
2,Andre_Purdy85,"2017-04-02 17:11:21"
84,Alysa22,"2017-01-01 17:44:43"
13,Alexandro35,"2017-03-29 17:09:02"
99,Alek_Watsica,"2016-12-10 07:43:58"
31,Aiyana_Hoeger,"2016-09-29 20:28:12"
65,Adelle96,"2016-10-01 00:37:57"
